"日期","价格","年份","月份"
"2015-01-31 00:00:00","309.93","2015","1月"
"2015-02-28 00:00:00","321.07","2015","2月"
"2015-03-31 00:00:00","355.42","2015","3月"
"2015-04-30 00:00:00","382.32","2015","4月"
"2015-05-31 00:00:00","345.38","2015","5月"
"2015-06-30 00:00:00","332.97","2015","6月"
"2015-07-31 00:00:00","349.20","2015","7月"
"2015-08-31 00:00:00","309.98","2015","8月"
"2015-09-30 00:00:00","264.68","2015","9月"
"2015-10-31 00:00:00","271.59","2015","10月"
"2015-11-30 00:00:00","248.54","2015","11月"
"2015-12-31 00:00:00","256.81","2015","12月"
"2016-01-31 00:00:00","288.83","2016","1月"
"2016-02-29 00:00:00","269.26","2016","2月"
"2016-03-31 00:00:00","297.11","2016","3月"
"2016-04-30 00:00:00","339.72","2016","4月"
"2016-05-31 00:00:00","341.15","2016","5月"
"2016-06-30 00:00:00","367.03","2016","6月"
"2016-07-31 00:00:00","331.15","2016","7月"
"2016-08-31 00:00:00","301.59","2016","8月"
"2016-09-30 00:00:00","336.23","2016","9月"
"2016-10-31 00:00:00","281.36","2016","10月"
"2016-11-30 00:00:00","272.99","2016","11月"
"2016-12-31 00:00:00","239.09","2016","12月"
"2017-01-31 00:00:00","263.93","2017","1月"
"2017-02-28 00:00:00","294.09","2017","2月"
"2017-03-31 00:00:00","292.04","2017","3月"
"2017-04-30 00:00:00","346.84","2017","4月"
"2017-05-31 00:00:00","347.36","2017","5月"
"2017-06-30 00:00:00","365.01","2017","6月"
"2017-07-31 00:00:00","359.29","2017","7月"
"2017-08-31 00:00:00","397.92","2017","8月"
"2017-09-30 00:00:00","341.76","2017","9月"
"2017-10-31 00:00:00","298.06","2017","10月"
"2017-11-30 00:00:00","314.19","2017","11月"
"2017-12-31 00:00:00","258.22","2017","12月"
"2018-01-31 00:00:00","281.66","2018","1月"
"2018-02-28 00:00:00","244.42","2018","2月"
"2018-03-31 00:00:00","273.25","2018","3月"
"2018-04-30 00:00:00","326.54","2018","4月"
"2018-05-31 00:00:00","361.78","2018","5月"
"2018-06-30 00:00:00","371.12","2018","6月"
"2018-07-31 00:00:00","377.86","2018","7月"
"2018-08-31 00:00:00","375.77","2018","8月"
"2018-09-30 00:00:00","342.79","2018","9月"
"2018-10-31 00:00:00","339.78","2018","10月"
"2018-11-30 00:00:00","322.31","2018","11月"
"2018-12-31 00:00:00","330.82","2018","12月"
"2019-01-31 00:00:00","300.62","2019","1月"
"2019-02-28 00:00:00","252.23","2019","2月"
"2019-03-31 00:00:00","298.99","2019","3月"
"2019-04-30 00:00:00","300.12","2019","4月"
"2019-05-31 00:00:00","316.62","2019","5月"
"2019-06-30 00:00:00","366.88","2019","6月"
"2019-07-31 00:00:00","396.56","2019","7月"
"2019-08-31 00:00:00","408.01","2019","8月"
"2019-09-30 00:00:00","375.36","2019","9月"
"2019-10-31 00:00:00","377.57","2019","10月"
"2019-11-30 00:00:00","372.90","2019","11月"
"2019-12-31 00:00:00","363.35","2019","12月"
"2020-01-31 00:00:00","312.09","2020","1月"
"2020-02-29 00:00:00","301.24","2020","2月"
"2020-03-31 00:00:00","275.49","2020","3月"
"2020-04-30 00:00:00","277.58","2020","4月"
"2020-05-31 00:00:00","332.16","2020","5月"
"2020-06-30 00:00:00","364.87","2020","6月"
"2020-07-31 00:00:00","360.82","2020","7月"
"2020-08-31 00:00:00","404.16","2020","8月"
"2020-09-30 00:00:00","405.73","2020","9月"
"2020-10-31 00:00:00","389.48","2020","10月"
"2020-11-30 00:00:00","402.28","2020","11月"
"2020-12-31 00:00:00","409.09","2020","12月"
"2021-01-31 00:00:00","355.44","2021","1月"
"2021-02-28 00:00:00","365.02","2021","2月"
"2021-03-31 00:00:00","263.86","2021","3月"
"2021-04-30 00:00:00","324.30","2021","4月"
"2021-05-31 00:00:00","312.35","2021","5月"
"2021-06-30 00:00:00","318.08","2021","6月"
"2021-07-31 00:00:00","347.19","2021","7月"
"2021-08-31 00:00:00","330.09","2021","8月"
"2021-09-30 00:00:00","387.78","2021","9月"
"2021-10-31 00:00:00","414.64","2021","10月"
"2021-11-30 00:00:00","442.06","2021","11月"
"2021-12-31 00:00:00","395.89","2021","12月"
"2022-01-31 00:00:00","374.15","2022","1月"
"2022-02-28 00:00:00","358.44","2022","2月"
"2022-03-31 00:00:00","364.13","2022","3月"
"2022-04-30 00:00:00","334.22","2022","4月"
"2022-05-31 00:00:00","307.62","2022","5月"
"2022-06-30 00:00:00","330.09","2022","6月"
"2022-07-31 00:00:00","334.24","2022","7月"
"2022-08-31 00:00:00","372.37","2022","8月"
"2022-09-30 00:00:00","363.36","2022","9月"
"2022-10-31 00:00:00","393.63","2022","10月"
"2022-11-30 00:00:00","408.55","2022","11月"
"2022-12-31 00:00:00","393.25","2022","12月"
"2023-01-31 00:00:00","423.28","2023","1月"
"2023-02-28 00:00:00","407.48","2023","2月"
"2023-03-31 00:00:00","380.89","2023","3月"
"2023-04-30 00:00:00","353.28","2023","4月"
"2023-05-31 00:00:00","310.82","2023","5月"
"2023-06-30 00:00:00","320.26","2023","6月"
"2023-07-31 00:00:00","322.30","2023","7月"
"2023-08-31 00:00:00","324.58","2023","8月"
"2023-09-30 00:00:00","357.45","2023","9月"
"2023-10-31 00:00:00","393.02","2023","10月"
"2023-11-30 00:00:00","445.85","2023","11月"
"2023-12-31 00:00:00","428.67","2023","12月"
"2024-01-31 00:00:00","437.56","2024","1月"
"2024-02-29 00:00:00","426.88","2024","2月"
"2024-03-31 00:00:00","375.75","2024","3月"
"2024-04-30 00:00:00","392.56","2024","4月"
"2024-05-31 00:00:00","371.36","2024","5月"
"2024-06-30 00:00:00","399.96","2024","6月"
"2024-07-31 00:00:00","335.41","2024","7月"
"2024-08-31 00:00:00","344.62","2024","8月"
"2024-09-30 00:00:00","348.34","2024","9月"
"2024-10-31 00:00:00","345.02","2024","10月"
"2024-11-30 00:00:00","415.33","2024","11月"
"2024-12-31 00:00:00","431.05","2024","12月"
"2025-01-31 00:00:00","449.69","2025","1月"
"2025-02-28 00:00:00","424.00","2025","2月"
"2025-03-31 00:00:00","467.32","2025","3月"
"2025-04-30 00:00:00","397.89","2025","4月"
"2025-05-31 00:00:00","417.10","2025","5月"
"2025-06-30 00:00:00","426.19","2025","6月"
"2025-07-31 00:00:00","342.53","2025","7月"
"2025-08-31 00:00:00","338.61","2025","8月"
"2025-09-30 00:00:00","350.14","2025","9月"
"2025-10-31 00:00:00","347.47","2025","10月"
"2025-11-30 00:00:00","345.15","2025","11月"
"2025-12-31 00:00:00","401.37","2025","12月"