Rk,Player,Age,Pos,G,GS,MP,FG,FGA,FG%,3P,3PA,3P%,2P,2PA,2P%,eFG%,FT,FTA,FT%,ORB,DRB,TRB,AST,STL,BLK,TOV,PF,PTS,Awards,Player-additional
1,LeBron James,37,C,56,56,37.2,11.4,21.8,.524,2.9,8.0,.359,8.6,13.8,.620,.590,4.5,6.0,.756,1.1,7.1,8.2,6.2,1.3,1.1,3.5,2.2,30.3,MVP-10ASNBA3,jamesle01
2,Anthony Davis,28,C,40,40,35.1,9.3,17.4,.532,0.3,1.8,.186,8.9,15.6,.571,.542,4.4,6.1,.713,2.7,7.2,9.9,3.1,1.2,2.3,2.1,2.4,23.2,,davisan02
3,Russell Westbrook,33,PG,78,78,34.3,7.0,15.8,.444,1.0,3.4,.298,6.0,12.4,.485,.476,3.4,5.1,.667,1.4,6.0,7.4,7.1,1.0,0.3,3.8,3.0,18.5,,westbru01
4,Malik Monk,23,SG,76,37,28.1,5.1,10.9,.473,2.3,5.8,.391,2.9,5.1,.568,.578,1.2,1.5,.795,0.5,2.9,3.4,2.9,0.8,0.4,1.6,1.8,13.8,,monkma01
5,Carmelo Anthony,37,PF,69,3,26.0,4.6,10.5,.441,2.2,5.8,.375,2.5,4.7,.521,.544,1.9,2.3,.830,0.9,3.3,4.2,1.0,0.7,0.8,0.9,2.4,13.3,,anthoca01
6,Isaiah Thomas,32,PG,4,1,25.3,3.0,9.8,.308,1.3,5.5,.227,1.8,4.3,.412,.372,2.0,2.8,.727,0.3,1.8,2.0,1.5,0.0,0.5,1.3,3.0,9.3,,thomais02
7,Talen Horton-Tucker,21,SG,60,19,25.2,3.7,9.0,.416,0.8,3.0,.269,2.9,5.9,.492,.462,1.7,2.1,.800,0.6,2.6,3.2,2.7,1.0,0.5,1.4,2.5,10.0,,hortota01
8,Austin Reaves,23,SG,61,19,23.2,2.4,5.2,.459,0.9,2.7,.317,1.5,2.5,.616,.542,1.6,1.9,.839,0.7,2.4,3.2,1.8,0.5,0.3,0.7,1.4,7.3,,reaveau01
9,Stanley Johnson,25,PF,48,27,22.8,2.4,5.2,.466,0.7,2.2,.314,1.8,3.0,.575,.532,1.1,1.5,.716,0.7,2.5,3.2,1.7,0.9,0.3,0.7,2.3,6.7,,johnsst04
10,Avery Bradley,31,SG,62,45,22.7,2.4,5.6,.423,1.3,3.4,.390,1.1,2.3,.471,.540,0.3,0.3,.889,0.5,1.7,2.2,0.8,0.9,0.1,0.6,1.9,6.4,,bradlav01
11,Mac McClung,23,SG,1,0,22.0,2.0,5.0,.400,1.0,3.0,.333,1.0,2.0,.500,.500,1.0,1.0,1.000,0.0,3.0,3.0,1.0,1.0,1.0,2.0,5.0,6.0,,mccluma01
12,Trevor Ariza,36,SF,24,11,19.3,1.4,4.1,.333,0.8,3.1,.270,0.5,1.0,.520,.434,0.4,0.8,.556,0.4,3.0,3.4,1.1,0.5,0.3,0.5,0.8,4.0,,arizatr01
13,Wayne Ellington,34,SG,43,9,18.8,2.3,5.5,.414,1.9,4.9,.389,0.4,0.6,.615,.586,0.2,0.3,.818,0.2,1.6,1.8,0.7,0.5,0.1,0.4,1.0,6.7,,ellinwa01
14,D.J. Augustin,34,PG,21,0,17.8,1.9,4.1,.453,1.4,3.2,.426,0.5,0.9,.556,.622,0.2,0.2,1.000,0.2,1.1,1.3,1.6,0.3,0.0,0.5,1.0,5.3,,augusdj01
15,Wenyen Gabriel,24,PF,19,5,16.4,2.6,5.1,.505,0.3,1.2,.261,2.3,3.9,.581,.536,1.2,2.0,.605,1.8,2.5,4.3,0.6,0.2,0.5,0.7,3.0,6.7,,gabriwe01
16,Dwight Howard,36,C,60,27,16.2,2.2,3.7,.612,0.1,0.3,.533,2.1,3.4,.618,.630,1.6,2.4,.658,2.0,4.0,5.9,0.6,0.6,0.6,0.8,1.9,6.2,,howardw01
17,Rajon Rondo,35,PG,18,0,16.1,1.3,3.9,.324,0.4,1.7,.267,0.8,2.3,.366,.380,0.1,0.1,.500,0.6,2.2,2.7,3.7,0.7,0.3,1.9,1.4,3.1,,rondora01
18,Kent Bazemore,32,SF,39,14,14.0,1.2,3.6,.324,0.7,2.1,.363,0.4,1.5,.271,.428,0.3,0.4,.765,0.3,1.4,1.8,0.9,0.6,0.2,0.5,1.8,3.4,,bazemke01
19,Mason Jones,23,SG,4,0,12.8,1.8,3.8,.467,0.3,1.0,.250,1.5,2.8,.545,.500,3.0,3.8,.800,0.3,2.3,2.5,1.0,0.5,0.0,0.3,2.0,6.8,,jonesma05
20,DeAndre Jordan,33,C,32,19,12.8,1.9,2.8,.674,0.0,0.0,,1.9,2.8,.674,.674,0.4,0.8,.462,1.6,3.8,5.4,0.4,0.3,0.8,0.7,1.6,4.1,,jordade01
21,Darren Collison,34,PG,3,0,12.3,0.7,2.3,.286,0.0,1.0,.000,0.7,1.3,.500,.286,0.0,0.0,,0.0,1.3,1.3,0.7,0.3,0.0,0.3,1.7,1.3,,collida01
22,Chaundee Brown Jr.,23,SF,2,0,10.5,0.5,3.5,.143,0.0,1.5,.000,0.5,2.0,.250,.143,0.0,0.0,,0.0,1.0,1.0,0.0,0.0,0.0,0.5,0.0,1.0,,brownch05
23,Sekou Doumbouya,21,PF,2,0,8.0,2.5,4.0,.625,0.5,1.0,.500,2.0,3.0,.667,.688,1.5,2.0,.750,1.0,2.0,3.0,0.0,1.5,1.0,1.0,0.5,7.0,,doumbse01
24,Jemerrio Jones,26,SF,2,0,7.5,1.0,1.5,.667,0.0,0.0,,1.0,1.5,.667,.667,0.0,0.0,,1.0,0.5,1.5,0.0,0.5,0.0,0.0,1.0,2.0,,jonesje01
25,Jay Huff,23,C,4,0,5.0,0.0,0.8,.000,0.0,0.5,.000,0.0,0.3,.000,.000,0.0,0.0,,0.3,0.8,1.0,0.3,0.3,0.3,0.3,0.3,0.0,,huffja01
,Team Totals,,,82,82,243.7,41.6,88.8,.469,12.0,34.5,.347,29.7,54.3,.546,.537,16.8,23.0,.732,9.5,34.5,44.0,24.0,7.6,5.2,14.5,20.2,112.1,,-9999