Rank	Team	Record	Players
year:2025
Active
Avg Age
Team
Total Cap
Allocations
Cap Space
All
Active	Active
Top 3
Dead
Cap
1	 BKN	12-33 	15	23.7	$139,371,992	$15,275,008	$130,865,548	$79,185,322	$8,506,444
2	 UTA	15-33 	15	25.4	$144,085,751	$10,561,249	$133,434,190	$74,988,612	$10,651,561
3	 MEM	18-27 	15	25.4	$172,035,195	$-17,388,195	$167,343,265	$96,067,590	$4,691,930
4	 CHA	20-28 	15	24.8	$175,744,261	$-21,097,261	$168,441,033	$81,933,760	$5,006,954
5	 DET	34-11 	15	25.4	$175,892,037	$-21,245,037	$168,692,037	$89,862,938	-
6	 MIL	18-28 	15	27.6	$176,378,562	$-21,731,562	$148,943,641	$101,855,306	$27,434,921
7	 CHI	23-24 	15	25.0	$178,868,402	$-24,221,402	$174,275,854	$64,561,977	-
8	 SAS	32-15 	15	25.9	$182,234,835	$-27,587,835	$182,234,835	$83,096,620	-
9	 IND	12-36 	15	25.5	$186,537,367	$-31,890,367	$177,884,437	$109,203,024	$4,308,162
10	 ATL	24-25 	15	25.0	$187,508,017	$-32,861,017	$180,866,975	$91,398,373	-
11	 OKC	38-10 	15	24.7	$188,926,058	$-34,279,058	$186,877,564	$85,055,272	-
12	 TOR	29-20 	14	25.2	$196,622,023	$-41,975,023	$188,430,978	$109,256,988	$194,771
13	 POR	23-25 	15	25.5	$197,113,678	$-42,466,678	$160,556,802	$78,775,001	$25,818,846
14	 MIA	25-23 	14	25.8	$197,533,487	$-42,886,487	$186,052,117	$96,319,835	-
15	 ORL	24-22 	14	24.7	$199,864,494	$-45,217,494	$193,471,232	$110,387,420	-
16	 PHI	26-21 	15	26.8	$201,173,959	$-46,526,959	$194,765,697	$144,849,376	$15,000
17	 HOU	28-17 	14	27.8	$201,330,454	$-46,683,454	$194,689,412	$113,653,563	-
18	 DEN	31-16 	14	26.5	$201,826,923	$-47,179,923	$188,297,059	$124,460,081	-
19	 WAS	12-34 	15	23.8	$203,303,367	$-48,656,367	$136,835,125	$91,498,636	$21,137,593
20	 LAC	22-24 	14	29.7	$203,736,310	$-49,089,310	$194,667,024	$115,762,693	$131,970
21	 NOP	12-37 	15	25.2	$205,718,447	$-51,071,447	$185,922,113	$102,095,408	$70,732
22	 BOS	29-18 	14	26.0	$206,622,531	$-51,975,531	$199,981,489	$135,368,714	-
23	 PHX	28-19 	14	26.0	$207,850,741	$-53,203,741	$164,723,837	$107,850,873	$23,197,051
24	 NYK	29-18 	14	26.5	$209,971,916	$-55,324,916	$207,675,642	$127,655,231	-
25	 SAC	12-37 	15	28.1	$210,850,217	$-56,203,217	$184,664,407	$114,585,660	-
26	 LAL	28-18 	14	26.7	$211,041,693	$-56,394,693	$194,820,805	$116,886,072	$146,970
27	 DAL	19-28 	15	26.9	$220,685,106	$-66,038,106	$201,537,232	$107,359,119	$3,343,186
28	 GSW	27-22 	15	28.8	$236,204,887	$-81,557,887	$207,096,665	$139,626,124	-
29	 MIN	29-19 	14	26.4	$237,379,633	$-82,732,633	$202,580,977	$111,414,710	-
30	 CLE	29-20 	14	26.6	$242,361,804	$-87,714,804	$228,159,488	$132,234,290	$424,672
Totals	-	438	-	$5,898,774,147	$-1,259,364,147	$5,434,787,480	$3,137,248,588	$135,080,763
Averages	-	14.6	26.0	$196,625,805	$-41,978,805	$181,159,583	$104,574,953	$4,502,692

Rank	Team	Record	Players
year:2024
Active
Avg Age
Team
Total Cap
Allocations
Cap Space
All
Active	Active
Top 3
Dead
Cap
1	 DET	44-38 	15	25.0	$141,808,220	$-1,220,220	$133,989,678	$56,559,037	$7,818,542
2	 ORL	41-41 	15	25.3	$152,959,238	$-12,371,238	$152,959,238	$63,257,000	-
3	 UTA	17-65 	15	23.9	$154,114,022	$-13,526,022	$142,648,013	$86,906,400	$11,466,009
4	 SAS	34-48 	15	25.2	$162,809,380	$-22,221,380	$155,231,927	$83,196,166	$7,577,453
5	 OKC	68-14 	15	24.2	$166,001,694	$-25,413,694	$162,209,242	$82,859,950	$3,792,452
6	 CHA	19-63 	15	25.2	$167,423,486	$-26,835,486	$152,436,862	$80,445,913	$14,986,624
7	 MEM	48-34 	15	24.6	$167,814,933	$-27,226,933	$155,850,296	$95,988,718	$8,014,853
8	 CHI	39-43 	15	24.6	$168,006,873	$-27,418,873	$157,180,244	$59,395,348	$8,739,110
9	 PHI	24-58 	15	26.6	$170,340,647	$-29,752,647	$169,548,876	$135,768,738	$791,771
10	 IND	50-32 	15	25.7	$171,232,577	$-30,644,577	$166,839,774	$104,281,300	$2,530,538
11	 SAC	40-42 	15	27.4	$171,370,782	$-30,782,782	$166,101,303	$107,131,940	$1,319,695
12	 HOU	52-30 	15	25.7	$173,496,349	$-32,908,349	$161,552,948	$78,702,108	$7,768,363
13	 ATL	40-42 	15	25.3	$174,418,704	$-33,830,704	$161,255,749	$81,912,604	$7,125,652
14	 LAC	50-32 	15	27.7	$174,670,238	$-34,082,238	$166,986,734	$102,101,025	$3,733,720
15	 POR	36-46 	15	23.9	$176,848,446	$-36,260,446	$165,518,581	$89,691,087	$1,568,032
16	 CLE	64-18 	15	26.0	$178,212,347	$-37,624,347	$169,371,096	$93,832,409	$491,175
17	 TOR	30-52 	15	24.9	$178,496,026	$-37,908,026	$154,302,912	$94,310,843	$16,405,595
18	 BKN	26-56 	15	23.8	$178,836,132	$-38,248,132	$112,077,151	$69,311,624	$58,408,905
19	 MIA	37-45 	15	26.6	$179,350,729	$-38,762,729	$173,088,172	$90,125,126	-
20	 NOP	21-61 	15	24.3	$182,966,321	$-42,378,321	$167,934,095	$98,876,138	$2,715,108
21	 DAL	39-43 	15	26.8	$187,147,472	$-46,559,472	$172,077,663	$99,092,456	$2,328,828
22	 NYK	51-31 	15	26.5	$188,877,651	$-48,289,651	$188,001,268	$110,803,733	$876,383
23	 DEN	50-32 	15	26.0	$192,786,656	$-52,198,656	$182,574,315	$123,292,088	-
24	 MIL	48-34 	15	26.7	$195,746,447	$-55,158,447	$183,221,333	$122,031,412	-
25	 BOS	61-21 	15	27.5	$197,048,229	$-56,460,229	$193,098,445	$114,054,140	-
26	 GSW	48-34 	15	27.2	$199,518,342	$-58,930,342	$176,474,440	$128,667,036	$306,447
27	 LAL	50-32 	15	27.7	$200,785,985	$-60,197,985	$182,745,885	$108,760,785	$5,514,986
28	 WAS	18-64 	15	24.5	$211,677,970	$-71,089,970	$162,581,956	$83,151,786	$7,021,331
29	 PHX	36-46 	15	28.1	$228,464,502	$-87,876,502	$210,557,299	$150,588,751	$3,814,041
30	 MIN	49-33 	15	26.1	$236,725,861	$-96,137,861	$198,847,571	$119,077,906	$3,705,899
Totals	-	450	-	$5,429,956,259	$-1,212,316,259	$4,997,263,066	$2,914,173,567	$188,821,512
Averages	-	15.0	25.8	$180,998,542	$-40,410,542	$166,575,436	$97,139,119	$6,294,050

Rank	Team	Record	Players
year:2023
Active
Avg Age
Team
Total Cap
Allocations
Cap Space
All
Active	Active
Top 3
Dead
Cap
1	 UTA	37-45 	15	23.8	$131,757,411	$4,263,589	$123,547,474	$66,352,629	$8,209,937
2	 DET	17-65 	15	24.4	$136,419,412	$-398,412	$84,251,419	$42,031,943	$52,167,993
3	 ORL	34-48 	15	24.6	$139,355,784	$-3,334,784	$130,964,229	$47,450,000	-
4	 SAS	22-60 	15	22.9	$140,908,582	$-4,887,582	$94,551,623	$44,260,680	$46,356,959
5	 CHA	27-55 	15	24.2	$141,036,011	$-5,015,011	$97,074,991	$40,305,635	$40,357,482
6	 HOU	22-60 	15	26.2	$145,302,009	$-9,281,009	$143,402,009	$76,033,971	$1,900,000
7	 IND	35-47 	15	25.1	$146,679,278	$-10,658,278	$127,076,533	$72,868,408	$17,800,976
8	 SAC	48-34 	15	26.2	$148,693,550	$-12,672,550	$145,124,481	$78,900,060	$3,569,069
9	 ATL	41-41 	15	25.3	$156,139,798	$-20,118,798	$149,336,848	$80,769,506	$6,802,950
10	 BKN	45-37 	15	24.3	$157,982,129	$-21,961,129	$139,773,430	$84,049,930	$11,947,602
11	 OKC	40-42 	15	24.7	$160,502,705	$-24,481,705	$127,645,232	$81,984,025	$32,857,473
12	 TOR	41-41 	15	25.9	$161,887,358	$-25,866,358	$138,558,316	$65,383,929	$21,309,336
13	 NYK	47-35 	15	26.4	$162,956,334	$-26,935,334	$160,343,147	$73,290,506	$2,613,187
14	 MEM	51-31 	15	25.2	$162,996,801	$-26,975,801	$135,440,708	$79,941,165	$25,754,324
15	 CHI	40-42 	15	26.3	$166,348,969	$-30,327,969	$162,193,482	$89,129,337	$2,135,781
16	 CLE	51-31 	15	26.1	$168,250,835	$-32,229,835	$160,092,854	$87,167,280	$4,118,569
17	 POR	33-49 	15	23.9	$171,538,887	$-35,517,887	$157,605,999	$84,152,788	$6,289,938
18	 DAL	38-44 	15	25.6	$175,321,021	$-39,300,021	$162,282,786	$95,998,985	$2,348,324
19	 NOP	42-40 	15	25.7	$176,969,502	$-40,948,502	$164,656,924	$103,641,119	$244,761
20	 MIA	44-38 	15	27.3	$180,754,950	$-44,733,950	$172,894,063	$104,784,020	$1,801,769
21	 PHI	54-28 	15	27.6	$181,909,301	$-45,888,301	$161,970,318	$106,722,598	$2,567,931
22	 LAL	43-39 	15	25.9	$181,975,999	$-45,954,999	$168,055,994	$105,515,123	-
23	 DEN	53-29 	15	26.3	$184,751,085	$-48,730,085	$176,890,198	$114,827,600	-
24	 MIL	58-24 	15	27.9	$188,285,708	$-52,264,708	$182,226,590	$120,601,156	-
25	 BOS	57-25 	15	26.1	$188,759,360	$-52,738,360	$184,845,028	$106,236,607	$92,857
26	 WAS	35-47 	15	24.3	$189,901,033	$-53,880,033	$132,379,717	$67,023,539	$15,838,877
27	 PHX	45-37 	16	28.3	$195,220,617	$-59,199,617	$188,290,459	$130,407,223	$3,040,870
28	 MIN	42-40 	15	25.6	$198,497,741	$-62,476,741	$164,180,564	$101,376,200	$348,225
29	 LAC	44-38 	15	28.4	$202,080,521	$-66,059,521	$198,296,474	$126,960,763	$1,764,341
30	 GSW	44-38 	15	26.9	$224,848,124	$-88,827,124	$206,814,776	$125,935,055	-
Totals	-	451	-	$5,068,030,815	$-987,400,815	$4,540,766,666	$2,604,101,780	$312,239,531
Averages	-	15.0	25.7	$168,934,361	$-32,913,361	$151,358,889	$86,803,393	$10,407,984

Rank	Team	Record	Players
year:2022
Active
Avg Age
Team
Total Cap
Allocations
Cap Space
All
Active	Active
Top 3
Dead
Cap
1	 SAS	34-48 	15	23.9	$101,649,048	$22,005,952	$70,878,022	$32,650,000	$30,771,026
2	 IND	25-57 	15	25.8	$122,145,349	$1,509,651	$110,310,554	$64,941,619	$11,834,795
3	 DET	23-59 	15	24.2	$127,673,493	$-4,018,493	$97,376,476	$42,602,800	$30,297,017
4	 MEM	56-26 	15	23.8	$127,756,781	$-4,101,781	$123,017,190	$61,873,434	$3,101,625
5	 HOU	20-62 	15	23.9	$138,296,534	$-14,641,534	$48,379,407	$25,389,697	$88,279,161
6	 ORL	22-60 	15	23.7	$139,801,010	$-16,146,010	$99,161,703	$48,050,000	$25,994,324
7	 CHA	43-39 	15	24.1	$146,049,640	$-22,394,640	$104,845,190	$64,161,316	$19,827,949
8	 UTA	49-33 	15	25.5	$147,162,541	$-23,507,541	$92,962,689	$46,315,454	$54,199,852
9	 ATL	43-39 	15	24.1	$149,133,740	$-25,478,740	$149,028,218	$79,303,397	$105,522
10	 TOR	48-34 	15	26.1	$149,260,166	$-25,605,166	$144,096,592	$74,055,815	$5,163,574
11	 NYK	37-45 	15	24.7	$150,263,571	$-26,608,571	$149,994,034	$71,869,332	$269,537
12	 POR	27-55 	15	23.5	$151,480,955	$-27,825,955	$136,161,044	$85,768,921	$8,371,799
13	 MIA	53-29 	15	27.9	$152,766,041	$-29,111,041	$149,035,368	$96,338,414	$58,493
14	 CHI	46-36 	15	25.8	$153,093,665	$-29,438,665	$145,549,077	$86,396,500	$3,872,408
15	 NOP	36-46 	15	25.4	$154,090,191	$-30,435,191	$147,340,203	$79,683,933	-
16	 CLE	44-38 	15	26.7	$154,561,446	$-30,906,446	$121,702,948	$69,710,046	$27,548,352
17	 SAC	30-52 	15	25.1	$154,815,256	$-31,160,256	$134,310,467	$69,804,053	$2,918,699
18	 OKC	24-58 	15	22.6	$155,437,627	$-31,782,627	$98,156,672	$56,082,768	$50,332,843
19	 PHI	51-31 	15	27.1	$164,391,836	$-40,736,836	$149,166,783	$104,249,820	$404,742
20	 BKN	44-38 	15	26.7	$164,774,911	$-41,119,911	$155,025,075	$75,948,672	$4,241,566
21	 DEN	48-34 	15	26.8	$169,601,210	$-45,946,210	$160,688,004	$96,181,120	-
22	 MIN	46-36 	15	25.5	$174,906,722	$-51,251,722	$141,488,618	$94,685,814	$1,836,090
23	 PHX	64-18 	15	28.1	$175,806,777	$-52,151,777	$172,121,677	$108,871,995	$211,044
24	 BOS	51-31 	15	27.2	$176,795,764	$-53,140,764	$176,702,907	$86,628,565	$92,857
25	 LAL	33-49 	15	25.8	$180,067,292	$-56,412,292	$164,962,692	$113,833,458	$2,450,094
26	 DAL	52-30 	15	27.8	$180,090,371	$-56,435,371	$172,025,683	$95,759,580	$1,360,055
27	 MIL	51-31 	15	29.7	$181,849,255	$-58,194,255	$179,802,121	$114,760,248	$211,044
28	 WAS	35-47 	15	26.1	$183,801,576	$-60,146,576	$133,790,093	$90,112,650	$16,216,114
29	 LAC	42-40 	15	28.4	$193,025,318	$-69,370,318	$191,189,228	$104,553,344	-
30	 GSW	53-29 	15	26.7	$199,320,856	$-75,665,856	$188,443,947	$122,286,864	$58,493
Totals	-	450	-	$4,719,868,942	$-1,010,218,942	$4,107,712,682	$2,362,869,629	$390,029,075
Averages	-	15.0	25.7	$157,328,965	$-33,673,965	$136,923,756	$78,762,321	$13,000,969
CAP & APRON RULES/SUMMARY


Rank	Team	Record	Players
year:2021
Active
Avg Age
Team
Total Cap
Allocations
Cap Space
All
Active	Active
Top 3
Dead
Cap
1	 OKC	22-50 	15	23.1	$90,513,233	$21,900,767	$47,135,212	$21,204,432	$33,723,179
2	 MEM	38-34 	15	23.5	$115,994,102	$-3,580,102	$98,318,869	$39,210,321	$17,675,233
3	 NYK	41-31 	15	25.8	$118,396,240	$-5,982,240	$108,415,633	$50,387,977	$9,980,607
4	 CHA	33-39 	15	24.8	$120,990,744	$-8,576,744	$110,117,912	$59,830,263	$10,872,832
5	 SAS	33-39 	15	23.9	$126,419,926	$-14,005,926	$79,863,201	$40,794,208	$46,556,725
6	 ORL	21-51 	15	23.8	$126,992,175	$-14,578,175	$110,991,562	$54,382,143	$7,018,792
7	 DET	20-52 	15	23.9	$128,989,131	$-16,575,131	$83,561,441	$43,509,736	$45,427,690
8	 POR	42-30 	15	24.7	$129,526,823	$-17,112,823	$115,070,759	$70,506,264	$7,134,626
9	 HOU	17-55 	15	23.9	$132,065,764	$-19,651,764	$112,768,849	$76,196,325	$17,807,850
10	 SAC	31-41 	15	26.1	$132,576,503	$-20,162,503	$126,382,298	$66,887,591	$3,035,962
11	 ATL	41-31 	15	25.6	$132,773,339	$-20,359,339	$132,773,339	$61,475,000	-
12	 CLE	22-50 	15	25.3	$133,138,401	$-20,724,401	$129,666,274	$68,758,256	$3,472,127
13	 PHX	51-21 	15	27.7	$133,742,329	$-21,328,329	$129,977,221	$75,083,550	$3,765,108
14	 NOP	31-41 	15	25.5	$134,663,536	$-22,249,536	$132,604,966	$74,331,998	$569,505
15	 BOS	36-36 	15	25.6	$135,425,801	$-23,011,801	$132,762,560	$81,862,429	$2,663,241
16	 IND	34-38 	15	25.1	$136,089,712	$-23,675,712	$122,438,198	$62,773,234	$13,651,514
17	 CHI	31-41 	15	25.3	$136,118,673	$-23,704,673	$132,834,003	$69,500,000	$1,795,605
18	 MIA	40-32 	15	28.4	$138,804,919	$-26,390,919	$130,080,823	$91,103,828	$5,385,740
19	 DEN	47-25 	15	26.7	$138,963,942	$-26,549,942	$135,433,726	$76,921,797	$191,860
20	 UTA	52-20 	14	26.9	$145,969,091	$-33,555,091	$145,681,301	$84,448,328	$287,790
21	 DAL	42-30 	15	26.8	$146,734,486	$-34,320,486	$117,318,978	$56,621,100	$7,431,031
22	 TOR	27-45 	15	24.4	$149,439,621	$-37,025,621	$130,912,460	$68,904,862	$2,775,812
23	 WAS	34-38 	15	25.2	$155,635,311	$-43,221,311	$125,963,635	$78,413,662	-
24	 PHI	49-23 	15	26.1	$156,429,129	$-44,015,129	$145,133,832	$111,886,180	$115,954
25	 MIL	46-26 	15	28.1	$160,663,369	$-48,249,369	$152,275,432	$106,016,233	$6,718,759
26	 LAL	42-30 	15	28.8	$160,861,720	$-48,447,720	$147,504,083	$120,753,050	$8,530,216
27	 MIN	23-49 	15	24.5	$165,734,220	$-53,320,220	$136,155,208	$76,156,064	-
28	 LAC	47-25 	15	26.8	$166,162,398	$-53,748,398	$164,493,220	$94,317,707	$1,669,178
29	 BKN	48-24 	15	27.6	$172,820,410	$-60,406,410	$157,843,675	$110,351,536	$11,438,379
30	 GSW	39-33 	15	27.2	$184,024,769	$-71,610,769	$175,192,325	$115,341,076	$666,667
Totals	-	449	-	$4,206,659,817	$-834,239,817	$3,769,670,995	$2,207,929,150	$270,361,982
Averages	-	15.0	25.7	$140,221,994	$-27,807,994	$125,655,700	$73,597,638	$9,012,066
CAP & APRON RULES/SUMMARY

Rank	Team	Record	Players
year:2020
Active
Avg Age
Team
Total Cap
Allocations
Cap Space
All
Active	Active
Top 3
Dead
Cap
1	 NYK	21-45 	15	25.4	$101,969,879	$7,170,121	$81,511,334	$36,704,687	$20,458,545
2	 OKC	44-28 	15	22.9	$104,570,165	$4,569,835	$58,973,451	$35,511,690	$36,223,064
3	 SAC	31-41 	15	24.2	$106,822,079	$2,317,921	$93,805,708	$56,187,760	$11,395,807
4	 CHA	23-42 	15	24.3	$107,134,070	$2,005,930	$98,277,101	$62,815,730	$8,856,969
5	 DET	20-46 	15	23.8	$115,013,466	$-5,873,466	$76,325,187	$39,650,000	$38,688,279
6	 ATL	20-47 	15	25.2	$116,695,055	$-7,555,055	$115,950,371	$55,000,000	$744,684
7	 ORL	33-40 	15	24.3	$118,898,403	$-9,758,403	$109,369,134	$61,149,952	$4,842,444
8	 DAL	43-32 	15	26.2	$125,815,404	$-16,675,404	$124,194,840	$61,456,500	$1,620,564
9	 CLE	19-46 	15	24.5	$126,527,288	$-17,387,288	$95,788,697	$55,217,347	$30,738,591
10	 CHI	22-43 	15	26.0	$128,065,350	$-18,925,350	$127,968,089	$59,045,000	$97,261
11	 IND	45-28 	15	25.7	$129,005,732	$-19,865,732	$125,044,311	$58,500,000	$3,961,421
12	 HOU	44-28 	15	26.0	$129,533,390	$-20,393,390	$121,883,222	$71,140,070	$6,204,471
13	 PHX	34-39 	15	26.4	$130,285,572	$-21,145,572	$126,329,911	$80,844,814	$785,285
14	 BOS	48-24 	15	24.4	$130,767,745	$-21,627,745	$127,473,888	$75,266,600	$3,293,857
15	 DEN	46-27 	15	25.9	$131,820,534	$-22,680,534	$126,468,408	$74,963,374	$2,110,998
16	 NOP	30-42 	15	24.5	$132,616,252	$-23,476,252	$131,561,774	$73,752,695	$1,054,478
17	 MIL	56-17 	15	27.3	$133,224,345	$-24,084,345	$126,409,299	$87,605,923	$6,815,046
18	 MEM	34-39 	15	23.9	$134,245,326	$-25,105,326	$96,358,089	$39,400,000	$34,646,109
19	 POR	35-39 	14	25.6	$135,448,164	$-26,308,164	$125,356,909	$73,869,994	$4,979,771
20	 MIA	44-29 	15	27.9	$135,572,405	$-26,432,405	$126,766,607	$73,379,100	$5,564,670
21	 LAC	49-23 	15	27.8	$137,405,301	$-28,265,301	$137,010,779	$84,713,233	$394,522
22	 LAL	52-19 	15	28.2	$138,544,305	$-29,404,305	$129,324,500	$87,961,566	$7,599,241
23	 UTA	44-28 	15	26.9	$138,998,838	$-29,858,838	$135,162,144	$79,877,413	$770,433
24	 TOR	53-19 	15	26.1	$143,726,386	$-34,586,386	$121,179,805	$82,309,200	$6,941,074
25	 PHI	43-30 	15	26.9	$147,787,869	$-38,647,869	$144,302,328	$94,460,060	$1,864,977
26	 SAS	32-39 	15	25.2	$150,150,620	$-41,010,620	$103,942,196	$56,525,975	$24,804,677
27	 MIN	19-45 	14	23.6	$159,195,461	$-50,055,461	$128,979,723	$75,117,050	$685,340
28	 WAS	25-47 	15	25.7	$160,772,292	$-51,632,292	$125,335,449	$85,110,588	$4,333,813
29	 BKN	35-37 	15	27.3	$168,550,487	$-59,410,487	$164,541,070	$115,086,720	$2,388,853
30	 GSW	15-50 	15	25.6	$175,825,052	$-66,685,052	$168,454,133	$107,909,732	$888,663
Totals	-	448	-	$3,994,987,235	$-720,787,235	$3,574,048,457	$2,100,532,773	$273,753,907
Averages	-	14.9	25.6	$133,166,241	$-24,026,241	$119,134,949	$70,017,759	$9,125,130
